title,url,score,date
CoinDesk hires Carreras as a reporter,https://talkingbiznews.com/media-news/coindesk-hires-carreras-as-a-reporter/,-0.058192563,2024/10/7
"Shiba Inu on Verge of Exiting Trillionaires Club, Max Keiser Claims XRP Rally Never Going to Happen, Bitcoin Ships Major Core 28.0 Update Crypto News Digest by U.Today",https://www.investing.com/news/cryptocurrency-news/shiba-inu-on-verge-of-exiting-trillionaires-club-max-keiser-claims-xrp-rally-never-going-to-happen-bitcoin-ships-major-core-280-update-crypto-news-digest-by-utoday-3651971,0.747401295,2024/10/7
FTX wins court approval to repay customers harmed by crypto firms demise - report,https://seekingalpha.com/news/4156817-ftx-wins-court-approval-to-repay-customers-harmed-by-crypto-firms-demise-report?utm_source=feed_news_all&utm_medium=referral&feed_item_type=news,0.133206207,2024/10/7
A Twitter veteran wants to combat disinformation with blockchain technology,https://fortune.com/crypto/2024/10/07/factland-twitter-x-election-crypto-misinformation-wired-musk/,0.438603902,2024/10/7
The Crypto Punks Behind Trumps Murky New Business Venture,https://www.nytimes.com/2024/10/07/us/politics/donald-trump-crypto-2024-campaign.html,0.052877614,2024/10/7
MicroStrategys Saylor Invited to Bitcoin Arena as MSTR Aims for All-Time High,https://www.investing.com/news/cryptocurrency-news/microstrategys-saylor-invited-to-bitcoin-arena-as-mstr-aims-for-alltime-high-3654048,0.369942462,2024/10/8
"Heres Why Bitcoin Might See Volatility This Week, Cardano Rockets 300% in Fund Flows, SHIB Team Member Makes Crucial BONE Statement Crypto News Digest by U.Today",https://www.investing.com/news/cryptocurrency-news/heres-why-bitcoin-might-see-volatility-this-week-cardano-rockets-300-in-fund-flows-shib-team-member-makes-crucial-bone-statement-crypto-news-digest-by-utoday-3654046,0.47289741,2024/10/8
The 7 Qualities of the Best Crypto Marketing Agencies  How to Spot a Winner?,https://insightssuccess.com/the-7-qualities-of-the-best-crypto-marketing-agencies-how-to-spot-a-winner/,0.63557148,2024/10/8
From Bitcoin to Altcoins Which Crypto Works Best for Online Gambling?,https://insightssuccess.com/from-bitcoin-to-altcoins-which-crypto-works-best-for-online-gambling/,0.716918567,2024/10/8
Cryptoverse Bored bitcoin seeks direction after big bang,https://www.investing.com/news/economy-news/cryptoverse-bored-bitcoin-seeks-direction-after-big-bang-3652326,0.465630015,2024/10/8
"I am not Bitcoin inventor, says man named in HBO film",https://www.bbc.com/news/articles/c62m73my0dno,0.460802329,2024/10/9
Bitcoin Documentary Money Electric Reopens Search for Satoshi Nakamoto,https://www.nytimes.com/2024/10/08/technology/money-electric-bitcoin-satoshi-nakamoto.html,0.495155632,2024/10/9
Documentarian Says Hes Solved the Mystery of Bitcoins Creator. Insiders Are Extremely Skeptical.,https://time.com/7064841/satoshi-nakamoto-hbo-money-electric/,0.395339906,2024/10/9
"Peter Todd denies claims of being Satoshi, bitcoins mysterious creator - reports",https://seekingalpha.com/news/4157435-peter-todd-denies-claims-of-being-satoshi-bitcoins-mysterious-creator-reports?utm_source=feed_news_all&utm_medium=referral&feed_item_type=news,0.467106925,2024/10/9
Dogecoin Founder Will Bitcoin Instantly Crash from HBO Satoshi Reveal?,https://www.investing.com/news/cryptocurrency-news/dogecoin-founder-will-bitcoin-instantly-crash-from-hbo-satoshi-reveal-3655118,-0.064027548,2024/10/9
"US Bitcoin Dump Worth $4.3 Billion Incoming, Schiff Sounds Alarm",https://www.investing.com/news/cryptocurrency-news/us-bitcoin-dump-worth-43-billion-incoming-schiff-sounds-alarm-3655771,0.330512452,2024/10/9
Heres Why People Want to Buy Ethereum (ETH) Top Bitcoin Evangelist,https://www.investing.com/news/cryptocurrency-news/heres-why-people-want-to-buy-ethereum-eth-top-bitcoin-evangelist-3658338,0.484492596,2024/10/10
Ripple launches crypto storage services for banks in bid to diversify,https://www.cnbc.com/2024/10/10/ripple-launches-crypto-storage-services-for-banks-in-bid-to-diversify.html,-0.038621932,2024/10/10
The Downfall of FTXs Ryan Salame and Crypto Advocate Michelle Bond,https://www.nytimes.com/2024/10/10/technology/ftx-ryan-salame-michelle-bond.html,0.094767818,2024/10/10
LM Funding expects its Bitcoin mining operations to remain unaffected by Hurricane Milton,https://seekingalpha.com/news/4157537-lm-funding-expects-its-bitcoin-mining-operations-to-remain-unaffected-by-hurricane-milton?utm_source=feed_news_all&utm_medium=referral&feed_item_type=news,-0.120235133,2024/10/10
2009 Satoshi-Era Whale Begins $70 Million Bitcoin Sell-Off,https://www.investing.com/news/cryptocurrency-news/2009-satoshiera-whale-begins-70-million-bitcoin-selloff-3657965,0.366860068,2024/10/10
US SEC charges Cumberland DRW for acting as unregistered dealer in crypto markets,https://www.investing.com/news/economy-news/us-sec-charges-cumberland-drw-for-acting-as-unregistered-dealer-in-crypto-markets-3658436,0.148044115,2024/10/10
Satoshi Ally Adam Back Reveals What He Needs From Bitcoin Price,https://www.investing.com/news/cryptocurrency-news/satoshi-ally-adam-back-reveals-what-he-needs-from-bitcoin-price-3658339,0.486505508,2024/10/10
FTXs Ryan Salame posts jokes on LinkedIn as he heads to prison,https://techcrunch.com/2024/10/10/ftxs-ryan-salame-posts-jokes-on-linkedin-as-he-heads-to-prison/,-0.069194877,2024/10/10
"Kings tickets, cheapest prices, schedule and Crypto Arena seat map for LA 2024-25 NHL season",https://www.sportingnews.com/us/nhl/news/kings-tickets-prices-schedule-crypto-arena-seat-map-la-2024/899193062d92d90cf2a834fe,0.480480484,2024/10/10
AGM Group Holdings Inc. Enters into Partnership Agreement with Nowlit to Facilitate Expansion in AI and Crypto Markets,https://www.investing.com/news/press-releases/agm-group-holdings-inc-enters-into-partnership-agreement-with-nowlit-to-facilitate-expansion-in-ai-and-crypto-markets-93CH-3658909,-0.225516415,2024/10/10
Michael Saylor Delivers Impressive Bitcoin Strategy Insight,https://www.investing.com/news/cryptocurrency-news/michael-saylor-delivers-impressive-bitcoin-strategy-insight-3660812,-0.167573154,2024/10/13
Trumps token sale goes live Tuesday though details of his crypto bank remain scarce,https://www.cnbc.com/2024/10/14/trump-crypto-coin-world-liberty-election-harris.html,0.474024385,2024/10/14
Copper Taps Ex-Goldman Executive as CEO in Strategy Pivot,https://financialpost.com/pmn/business-pmn/copper-taps-ex-goldman-executive-as-ceo-in-strategy-pivot,0.210161537,2024/10/14
"This Shiba Inu (SHIB) Pattern Just Got Invalidated, Bitcoin (BTC) Secures Critical Price Level, Ethereums (ETH) Massive Struggle at $2,400",https://www.investing.com/news/cryptocurrency-news/this-shiba-inu-shib-pattern-just-got-invalidated-bitcoin-btc-secures-critical-price-level-ethereums-eth-massive-struggle-at-2400-3660928,0.40011313,2024/10/14
Bitcoin Market Cap to Reach $50 Trillion Blackrock CEO,https://www.investing.com/news/cryptocurrency-news/bitcoin-market-cap-to-reach-50-trillion-blackrock-ceo-3663557,-0.173314458,2024/10/15
"Bitcoin (BTC) on Verge of Hitting New High of $78,000 Details",https://www.investing.com/news/cryptocurrency-news/bitcoin-btc-on-verge-of-hitting-new-high-of-78000-details-3664005,0.060619694,2024/10/15
Bitcoin Omega Candle Inevitable $1 Million BTC Samson Mow,https://www.investing.com/news/cryptocurrency-news/bitcoin-omega-candle-inevitable-1-million-btc-samson-mow-3664006,0.499440336,2024/10/15
"Donald Trump gains the upper hand in the prediction marketsan indicator more accurate than polls, expert claims",https://fortune.com/2024/10/15/donald-trump-election-lead-prediction-markets-predictit-polymarket/,0.714538555,2024/10/15
Trumps crypto website crashed after its token went on sale,https://www.theverge.com/2024/10/15/24271242/world-liberty-financial-token-sale-website-crash-trump,0.316745102,2024/10/15
Trumps Crypto Platform Falters On First Day Of Sales,https://www.ibtimes.com.au/trumps-crypto-platform-falters-first-day-sales-1852500,0.004487531,2024/10/16
Alabama man arrested in SEC social media account hack that led the price of bitcoin to spike,https://financialpost.com/pmn/alabama-man-arrested-in-sec-social-media-account-hack-that-led-the-price-of-bitcoin-to-spike,-0.249960172,2024/10/17
"Feds arrest man who allegedly participated in hack of the SECs X account, boosting Bitcoins price",https://techcrunch.com/2024/10/17/feds-arrest-man-who-allegedly-participated-in-hack-of-the-secs-x-account-boosting-bitcoins-price/,-0.073713291,2024/10/17
Hacker arrested for the fake SEC tweet that caused a Bitcoin price spike,https://www.theverge.com/2024/10/17/24272739/sec-fake-bitcoin-etf-tweet-fbi-arrest-eric-council,0.213892776,2024/10/17
"Crypto market soars, sees 8% surge in market cap driven by global economic shifts, says report",https://www.thehindubusinessline.com/money-and-banking/cryptocurrency/crypto-market-soars-sees-8-surge-in-market-cap-driven-by-global-economic-shifts-says-report/article68763937.ece,0.047003782,2024/10/17
"XRP Not Allowed Above $0.60, Dogecoin (DOGE) on Verge of Performing Vital Breakthrough, Bitcoin (BTC) Breaks 220-Day Downtrend",https://www.investing.com/news/cryptocurrency-news/xrp-not-allowed-above-060-dogecoin-doge-on-verge-of-performing-vital-breakthrough-bitcoin-btc-breaks-220day-downtrend-3667602,0.68529324,2024/10/17
US SEC gives green light for options listing for spot bitcoin ETFs to NYSE,https://www.investing.com/news/stock-market-news/us-sec-gives-green-light-for-options-listing-for-spot-bitcoin-etfs-to-nyse-3671765,0.049275702,2024/10/18
Sam Altmans eyeball-scanning crypto project has a new Orb and a new name,https://www.theverge.com/2024/10/18/24273691/world-orb-sam-altman-iris-scan-crypto-token,0.475945044,2024/10/18
"Bitcoin price today steady at $67k, set for strong week with focus on US election",https://www.investing.com/news/cryptocurrency-news/bitcoin-price-today-steady-at-67k-set-for-strong-week-with-focus-on-us-election-3670103,-0.184832311,2024/10/18
Alleged Bitcoin hacker Googled signs the FBI is after you,https://www.bbc.com/news/articles/c20pvkg35xyo,0.214742893,2024/10/18
FBI arrests Alabama man in hack of SECs X account that caused bitcoin price spike - The Washington Post,https://news.google.com/rss/articles/CBMihgFBVV95cUxOcng2REl3SnF2T0VJTGRWNFhhNE9WVkpIcmJ6aU1QcTFEamdpTWh6U0xMb0NYTk9sWHR0bXdFNWU3SmdZd1pROVNkUVVuWkFVZXVrb1E3NG9iYjRoLU1GTHFYY2FZa3dQRG1wTDBxVkhMN2Y1RnZvNjZZVjZ5dDVXdkV2QTVZZw?oc=5,-0.147978652,2024/10/18
Bitcoin Miners Take Divergent Paths Six Months After Revenue Halving,https://financialpost.com/pmn/business-pmn/bitcoin-miners-take-divergent-paths-six-months-after-revenue-halving,0.258453012,2024/10/19
Bitcoin (BTC) Hashrate Suddenly Prints New ATH Over 925 Ehs,https://www.investing.com/news/cryptocurrency-news/bitcoin-btc-hashrate-suddenly-prints-new-ath-over-925-ehs-3673678,0.387293959,2024/10/21
Asia shares wobble bitcoin rallies on Trump trade,https://www.investing.com/news/economy-news/asia-shares-wobble-bitcoin-rallies-on-trump-trade-3671981,0.464550734,2024/10/21
Michael Saylor Triggers BTC Community with Paranoid Crypto Anarchist Statement,https://www.investing.com/news/cryptocurrency-news/michael-saylor-triggers-btc-community-with-paranoid-crypto-anarchist-statement-3673679,0.488278985,2024/10/21
"SEC Veteran Weighs in on Ripple Lawsuit Appeal Deadline Speculation DOGE, SHIB Dominate Crypto Market With 5-Month High in Social Activity Crypto News Digest by U.Today",https://www.investing.com/news/cryptocurrency-news/sec-veteran-weighs-in-on-ripple-lawsuit-appeal-deadline-speculation-doge-shib-dominate-crypto-market-with-5month-high-in-social-activity-crypto-news-digest-by-utoday-3673751,0.386793423,2024/10/21
Purpose Bitcoin Yield ETF declares $0.051 dividend,https://seekingalpha.com/news/4191577-purpose-bitcoin-yield-etf-declares-0_051-dividend?utm_source=feed_news_all&utm_medium=referral&feed_item_type=news,0.483135653,2024/10/22
$138 Million Wiped out From Crypto Market - Whats Next?,https://www.investing.com/news/cryptocurrency-news/138-million-wiped-out-from-crypto-market--whats-next-3678433,0.324380779,2024/10/23
"Paul Tudor Jones on inflation hedges Long gold, bitcoin, commodities",https://seekingalpha.com/news/4195596-paul-tudor-jones-on-inflation-hedges-long-gold-bitcoin-commodities?utm_source=feed_news_all&utm_medium=referral&feed_item_type=news,0.475997515,2024/10/23
"Nigeria Drops Charges Against Tigran Gambaryan, Jailed Binance Exec and Former IRS Agent",https://www.wired.com/story/tigran-gambaryan-charges-dropped-nigeria/,0.141994643,2024/10/23
Michael Saylor Intrigues with Faster Bitcoin Tweet As BTC Price Shoots Up,https://www.investing.com/news/cryptocurrency-news/michael-saylor-intrigues-with-faster-bitcoin-tweet-as-btc-price-shoots-up-3681427,-0.261224574,2024/10/24
Nigeria releases American crypto executive after dropping money laundering case,https://financialpost.com/pmn/nigeria-releases-american-crypto-executive-after-dropping-money-laundering-case,0.081397685,2024/10/24
Polymarket power players have poured a ridiculous amount of crypto into a Trump winbut U.S. voters arent even allowed to use the platform - Fortune,https://news.google.com/rss/articles/CBMiiAFBVV95cUxPb0FUZDVkTnhmNjRzdEduYkhHazlHRzZZSXpJenBXalE0aDc3OXdZMG0ydGlvMmxMUExnbGdZbXFvVnlYY0o2Y3B4QVFxMUw3V2VqRFMzcGVoMHY1NkZwWXYwNW9tNHFuendGWmhPXzRJY1NmOE9TRFZ2LXhiZGllN0NWdE5vVmRN?oc=5,0.486306489,2024/10/24
How Two Allies Wrestled Over a Crypto Giant and a Prisoner,https://www.nytimes.com/2024/10/24/us/politics/us-nigeria-binance-gambaryan.html,0.012205088,2024/10/24
"Bitcoin price today rises to $67.5k with focus on rates, election",https://www.investing.com/news/cryptocurrency-news/bitcoin-price-today-steady-at-67k-with-focus-on-rates-election-3679335,-0.017112082,2024/10/24
Deribit Bold New Chapter Leading the Crypto Charge into a Volatile Future,https://insightssuccess.com/deribit-bold-new-chapter-leading-the-crypto-charge-into-a-volatile-future/,0.21240939,2024/10/24
Get Ready to Trade  Treat BTCC Exchange Kicks Off Hauntingly Good Halloween Futures Trading Campaign,https://financialpost.com/globe-newswire/get-ready-to-trade-treat-btcc-exchange-kicks-off-hauntingly-good-halloween-futures-trading-campaign,0.132980525,2024/10/24
3iQ Leads Institutional Investors to Think Beyond Bitcoin and Expand Their Digital Asset Exposure,https://financialpost.com/pmn/business-wire-news-releases-pmn/3iq-leads-institutional-investors-to-think-beyond-bitcoin-and-expand-their-digital-asset-exposure,-0.223006332,2024/10/24
Its a Brain Cardano Creator Explains Major Bitcoin Innovation,https://www.investing.com/news/cryptocurrency-news/its-a-brain-cardano-creator-explains-major-bitcoin-innovation-3683581,0.48362546,2024/10/25
"Election Odds Swing in Trumps Favor on Polymarket, a Crypto Betting Site",https://www.nytimes.com/2024/10/25/technology/polymarket-election-betting-crypto-trump.html,0.360713732,2024/10/25
Elray Resources Announces Strategic Sale of Crypto iGaming Technology,https://www.investing.com/news/press-releases/elray-resources-announces-strategic-sale-of-crypto-igaming-technology-93CH-3683555,0.458514415,2024/10/25
Why Does Microsoft Need Bitcoin? Anthony Pompliano Reveals,https://www.investing.com/news/cryptocurrency-news/why-does-microsoft-need-bitcoin-anthony-pompliano-reveals-3684131,0.46728334,2024/10/25
Michael Saylor Offers Microsoft Help to Make $1 Trillion With Bitcoin,https://www.investing.com/news/cryptocurrency-news/michael-saylor-offers-microsoft-help-to-make-1-trillion-with-bitcoin-3684013,0.294588232,2024/10/25
Tether CEO Paolo Adroino refutes report alleging federal probe into crypto firm,https://seekingalpha.com/news/4206824-tether-ceo-paolo-adroino-refutes-report-alleging-federal-probe-into-crypto-firm?utm_source=feed_news_all&utm_medium=referral&feed_item_type=news,0.176273113,2024/10/25
"Bitcoin set to fall WW, continues to shy away from $70K mark",https://seekingalpha.com/news/4203725-bitcoin-set-to-be-largely-flat-ww-continues-to-shy-away-from-70k-mark?utm_source=feed_news_all&utm_medium=referral&feed_item_type=news,-0.099090573,2024/10/25
How Donald Trump Is Making Big Promises to Big Business,https://www.nytimes.com/2024/10/26/us/politics/trump-industry-promises.html,0.451775365,2024/10/26
"BlackRock Makes History With 400,000 Bitcoin (BTC)",https://www.investing.com/news/cryptocurrency-news/blackrock-makes-history-with-400000-bitcoin-btc-3684748,0.450864036,2024/10/27
"Could $72,000 Move Be Next for Bitcoin?",https://www.investing.com/news/cryptocurrency-news/could-72000-move-be-next-for-bitcoin-3684724,0.484058014,2024/10/27
"Massive $206 Million Bitcoin Deposit Shakes Largest US Exchange, Coinbase",https://www.investing.com/news/cryptocurrency-news/massive-206-million-bitcoin-deposit-shakes-largest-us-exchange-coinbase-3686565,0.476193309,2024/10/28
Shift4 Teams Up with Mesh to Offer Merchants Crypto Payment Capabilities in Over 45 Countries,https://www.investing.com/news/press-releases/shift4-teams-up-with-mesh-to-offer-merchants-crypto-payment-capabilities-in-over-45-countries-93CH-3686205,-0.006866062,2024/10/28
Desperation for Sean Strickland as Khamzat Chimaev Attacked for Crypto Scam Amid Dricus Du Plessis Fight Rumors,https://www.essentiallysports.com/ufc-mma-news-desperation-for-sean-strickland-as-khamzat-chimaev-attacked-for-crypto-scam-amid-dricus-du-plessis-fight-rumors/,-0.230716306,2024/10/28
Coinbase Q3 revenue expected to slide on lower crypto trading volume,https://seekingalpha.com/news/4220241-coinbase-q-3-revenue-expected-to-slide-on-lower-crypto-trading-volume?utm_source=feed_news_all&utm_medium=referral&feed_item_type=news,0.0057023,2024/10/29
"Bitcoin spikes above $72,000 as crypto investors see Trumps re-election prospects build",https://seekingalpha.com/news/4219400-bitcoin-spikes-above-72000-as-crypto-investors-see-trumps-re-election-prospects-build?utm_source=feed_news_all&utm_medium=referral&feed_item_type=news,-0.262018526,2024/10/29
BTCC Exchange Strengthens Community Engagement with New Reddit and Discord Campaigns Amid Growing Market Excitement,https://financialpost.com/globe-newswire/btcc-exchange-strengthens-community-engagement-with-new-reddit-and-discord-campaigns-amid-growing-market-excitement,-0.261307365,2024/10/29
Breaking News 1 Simple Passive Income Idea To Help You Increase Your Wealth In 2024,https://www.completesports.com/breaking-news-1-simple-passive-income-idea-to-help-you-increase-your-wealth-in-2024/,0.69122376,2024/10/29
"Bitcoin surges to $72,000 as investors eye trump election prospects",https://bmmagazine.co.uk/in-business/bitcoin-surges-to-72000-as-investors-eye-trump-election-prospects/,-0.115073061,2024/10/30
Gold hits record high and bitcoin makes gains,https://www.ft.com/content/d0720e1e-3bf6-4e19-b1a5-60d249316097,0.569138863,2024/10/30
How FTXs Young Executives Shattered Their Parents,https://www.nytimes.com/2024/10/30/technology/ftx-executives-parents.html,-0.379366958,2024/10/30
Bankman-Frieds ex-deputy Singh spared prison time over crypto fraud,https://www.investing.com/news/stock-market-news/bankmanfrieds-exdeputy-singh-to-be-sentenced-over-crypto-fraud-3690359,-0.462223738,2024/10/30
"Mysterious Bitcoin Creator, Satoshi Nakamoto, Set to Disclose Legal Identity in 2024",https://www.businessmole.com/mysterious-bitcoin-creator-satoshi-nakamoto-set-to-disclose-legal-identity-in-2024/,0.489282453,2024/10/30
"SkyBridges Scaramucci says US will solve debt crisis, bitcoin to triple by 2026",https://www.investing.com/news/stock-market-news/skybridges-scaramucci-says-us-will-solve-debt-crisis-bitcoin-to-triple-by-2026-3692063,-0.306996029,2024/10/30
"Stocks For Sale eBay, Coinbase, and More",http://www.baystreet.ca/articles/stockstowatch.aspx?id=19403,0.001720291,2024/10/31
Strategist sees additional upside for Bitcoin and gold prices if Trump wins,https://www.investing.com/news/commodities-news/strategist-sees-additional-upside-for--bitcoin-and-gold-prices-if-trump-wins-3693799,-0.286647391,2024/10/31
"Analysis-US crypto industry expects friendlier Washington, whoever wins White House",https://www.investing.com/news/stock-market-news/analysisus-crypto-industry-expects-friendlier-washington-whoever-wins-white-house-3693681,0.455271721,2024/10/31
"Tech Futures Fall As Two Titans, Three Crypto Plays Slide - Investors Business Daily",https://news.google.com/rss/articles/CBMiwgFBVV95cUxPS1hrc3pfZ05HVHd5UjBZRXV4cER4cUFyUmNBeVZSRFZ1ZktuVU9NLVU0SWF2UGc3RTItVTJsT1U5ZnQ1dm5vc0VZdHVhUUlXQjNYZzV0V29tTHR5UElrQ1l5TE5NaVY0ME82aENDeHVvM0U2NExzeWlMOVpaWk13eGRRbGh2UUxoTWp2VFhicERHUWFTN01TZXlEc0ZnN1BVSVBKUUo0cUd3di16WnBwMHI4NlVITE1VaE5hbHlsckVPdw?oc=5,-0.000838172,2024/10/31
Bitgets Survey Reveals Some Users Prefer Influencer Videos Over Whitepapers to Make Trading Choices,https://financialpost.com/globe-newswire/bitgets-survey-reveals-some-users-prefer-influencer-videos-over-whitepapers-to-make-trading-choices,0.351749432,2024/11/1
Digihost Provides October 2024 Production Update,https://financialpost.com/globe-newswire/digihost-provides-october-2024-production-update,0.457096231,2024/11/1
Coinbase stock backed by Monness on buyback and strategic crypto utility focus,https://www.investing.com/news/company-news/coinbase-stock-backed-by-monness-on-buyback-and-strategic-crypto-utility-focus-93CH-3696390,0.489291412,2024/11/1
"Wall Streets bullish on bitcoin miners turning to AI  should you be, too?",https://seekingalpha.com/news/4229335-wall-street-s-bullish-on-bitcoin-miners-turning-to-ai-should-you-be-too?utm_source=feed_news_all&utm_medium=referral&feed_item_type=news,0.8,2024/11/2
Hunt for Bitcoins elusive creator Satoshi Nakamoto hits another dead-end,https://www.bbc.com/news/articles/c079zp2vy31o,0.326348484,2024/11/3
Axios hires Berkowitz as ME for media and markets coverage,https://talkingbiznews.com/media-news/axios-hires-berkowitz-as-me-for-media-and-markets-coverage/,0.329030085,2024/11/4
BlackRock Makes History as $2.1 Billion Enter Bitcoin Market,https://www.investing.com/news/cryptocurrency-news/blackrock-makes-history-as-21-billion-enter-bitcoin-market-3700213,0.479437351,2024/11/4
What does the U.S. election mean for crypto?,https://seekingalpha.com/news/4242869-what-does-the-u-s-election-mean-for-crypto?utm_source=feed_news_all&utm_medium=referral&feed_item_type=news,0.475112836,2024/11/4
CleanSpark mines 655 bitcoins in October,https://seekingalpha.com/news/4242334-cleanspark-mines-655-bitcoins-in-october?utm_source=feed_news_all&utm_medium=referral&feed_item_type=news,0.471350312,2024/11/4
Bybit Brings on Crypto Holiday Season with First-time Trading Rewards Across Products,https://www.investing.com/news/cryptocurrency-news/bybit-brings-on-crypto-holiday-season-with-firsttime-trading-rewards-across-products-3699168,0.30315696,2024/11/4
Polkadot and SP Negocios Collaborate to Enhance Crypto Economy Development,https://www.investing.com/news/cryptocurrency-news/polkadot-and-sp-negocios-collaborate-to-enhance-crypto-economy-development-3703372,0.283922374,2024/11/5
"Bitcoin Hits $70,000, While Bears Face 860% Liquidation Imbalance",https://www.investing.com/news/cryptocurrency-news/bitcoin-hits-70000-while-bears-face-860-liquidation-imbalance-3703370,-0.021226332,2024/11/5
State Comptroller Tax Authority missed NIS 3b from crypto,https://en.globes.co.il/en/article-1001493298#utm_source=RSS,0.010260081,2024/11/5
"US dollar and bitcoin surge, but bond prices tumble, as investors pile into Trump trades  business live",https://www.theguardian.com/business/live/2024/nov/06/us-dollar-bitcoin-bond-prices-treasury-yields-pound-euro-wall-street-business-live-news,0.545394257,2024/11/6
Stock Markets Up as Key States Lean Trump,https://www.nytimes.com/2024/11/05/business/election-stock-markets.html,0.095656185,2024/11/6
"Dollar, bitcoin rally as early US votes bolster Trump trades",https://www.investing.com/news/economy-news/dollar-climbs-as-trump-makes-early-gains-in-exit-polls-bitcoin-rises-3704047,-0.098329258,2024/11/6
"Donald Trump Victory How Crude Oil, Gold, Sensex, Rupee, Bitcoin Reacted To US Election Results - News18",https://news.google.com/rss/articles/CBMi5wFBVV95cUxOZHVjMTdzM0E0NlJjRGVRcEk2djlxMDU3UHJFeTRzRzNMUTF3TDhKdXRoV3pyaWhQZldYd1BKdXRncEZKME1jbVhnRGdyUFZSUTJXQUxhZ3ZySGM1dGdxdHdIY1dlSWJZQktpYm5QZ0sycF9pVHcxTE54RG9BNzQxSXJOckYtOVpPalVkSUEyTEdXa3lCalZjenVFQ2Q5WHVHWm1XODlBYWttOGRYazVvUjJTU3YyWV9yUjhTTjhGMjh4bU1nelFmUFJmX21vNFlFS0ZFVmRkcXdnd2dfS3dsRllTVlhFeXfSAewBQVVfeXFMUHpYTHhkUV8xMmlCdzNOUndLTUJmN3VfU3B0TElTVGRoYnNjbTJDdWVSSGRyOGJHV3BPdDZJX0dTTGxfZ0hvRlJBR1RNaEY0UDZDVlhtQS05SXNMVDVqd2Q5MXpRWGpQUUtyd2RKc0hobWFXazREaUV6Z0NHZk9ETERsOVdHX2U5eE1vYTAzV2gxTlBTNWhVYW4yOVJyWVhsMFFYbFQzZHFoVU1GNUxERW1FVnZUaFlsNGxVaUpPZS1mRUpKNlpuWXY3N2hwV1cySGlUZWZWQlk2amhIR0xUOTZzN3Rud0RxNkh3ZUY?oc=5,0.710608438,2024/11/6
The Crypto Industrys Spending on the Election Pays Off,https://www.nytimes.com/2024/11/06/technology/crypto-industry-spending-election.html,-0.183520477,2024/11/6
SA Asks How will the U.S. election results impact crypto?,https://seekingalpha.com/news/4261845-sa-asks-how-will-the-us-election-results-impact-crypto?utm_source=feed_news_all&utm_medium=referral&feed_item_type=news,0.492747985,2024/11/7
Trump trade war could push eurozone into full-blown recession UK and US expected to cut interest rates today  business live,https://www.theguardian.com/business/live/2024/nov/07/bank-of-england-interest-rates-federal-reserve-trump-trade-war-eurozone-recession-business-live-news,0.545174543,2024/11/7
"Most Stocks Rise, Bitcoin Hits Record As Traders Weigh Trump 2.0",https://www.ibtimes.com.au/most-stocks-rise-bitcoin-hits-record-traders-weigh-trump-20-1853189,-0.122130752,2024/11/7
"Bitcoin hits record highs as Trump clinches U.S. presidential win, signaling potential crypto-friendly policies",https://www.zeebiz.com/market-news/news-bitcoin-hits-record-highs-as-trump-clinches-us-presidential-win-signaling-potential-crypto-friendly-policies-324903,-0.273600322,2024/11/7
Bitcoin set to rise as crypto-friendly Trump emerges as next U.S. President,https://seekingalpha.com/news/4266583-bitcoin-set-to-rise-as-crypto-friendly-trump-emerges-as-white-house-winner?utm_source=feed_news_all&utm_medium=referral&feed_item_type=news,-0.041103083,2024/11/8
Trumps return could herald a crypto golden age says CEO of stablecoin firm Paxos,https://fortune.com/asia/2024/11/08/trump-could-herald-crypto-golden-age-singapore-fintech-festival-paxos-ceo/,0.411178315,2024/11/8
"MicroStrategy raises $2.03B, buys 27,200 bitcoins stock climbs",https://seekingalpha.com/news/4273953-micro-strategy-raises-2-03-b-buys-27-200-bitcoins-stock-climbs?utm_source=feed_news_all&utm_medium=referral&feed_item_type=news,-0.229538888,2024/11/11
"Bitcoin tops record $80,000 as Trump nears sweep of US Congress",https://www.bbc.com/news/articles/c89v1w5lxxqo,0.131896073,2024/11/11
"Futures rise, CPI this week, Bitcoins new record high - whats moving markets",https://www.investing.com/news/economy-news/futures-rise-cpi-this-week-bitcoins-new-record-high--whats-moving-markets-3713683,0.08899322,2024/11/11
Europe vaults higher as Asian stocks slide bitcoin extends record rally,https://www.investing.com/news/economy-news/asian-stocks-slide-as-china-stimulus-disappoints-bitcoin-extends-record-rally-3713489,-0.137535,2024/11/11
"Bitcoin soars above $82,000 as Trump win boosts Crypto prospects",https://www.thehindubusinessline.com/money-and-banking/cryptocurrency/bitcoin-soars-above-82000-as-trump-win-boosts-crypto-prospects/article68855392.ece,-0.131514907,2024/11/11
The crypto bros already making billions from Trump win,https://www.smh.com.au/business/markets/the-crypto-bros-already-making-billions-from-trump-win-20241112-p5kpsu.html?ref=rss&utm_medium=rss&utm_source=rss_business,0.304923034,2024/11/11
FTX is suing Binance to recover nearly $1.8 billion,https://www.theverge.com/2024/11/11/24293431/ftx-suing-binance-1-8-billion-fraud-allegations,0.324920547,2024/11/11
ASX set to rise as Wall Street rolls higher Bitcoin hits record,https://www.theage.com.au/business/markets/asx-set-to-rise-as-wall-street-rolls-higher-bitcoin-hits-record-20241112-p5kpsy.html?ref=rss&utm_medium=rss&utm_source=rss_business,-0.147491503,2024/11/11
ASX set to rise as Wall Street rolls higher Bitcoin hits record,https://www.smh.com.au/business/markets/asx-set-to-rise-as-wall-street-rolls-higher-bitcoin-hits-record-20241112-p5kpsy.html?ref=rss&utm_medium=rss&utm_source=rss_business,-0.147491503,2024/11/11
Bitcoin (BTC) Fastest Asset to Cross $1 Trillion,https://www.investing.com/news/cryptocurrency-news/bitcoin-btc-fastest-asset-to-cross-1-trillion-3714996,-0.17378633,2024/11/11
"Morning Wrap ASX 200 futures flat, Wall Street hovers at record highs, Gold prices tumble - Market Index",https://news.google.com/rss/articles/CBMirgFBVV95cUxNa2hzbmhNY3FGcDRWblZRb0JLMWJ5THhkZlptdWtxLUpzdHNUZTRLeTFVVFdnN1ktN2Rkb0pmRVVSQzc4Y3V3MFN1UE1RVEtGQ0ptRmQ2d2llRE81dEItVWRTN2FZQXkzakJob0x4amVGa2REam5hQ0EyTXdBR0VHTk14S09GR1RKSWxhWEVfdGZpUXpnYld3cURjNWlqRWdENFFvUXg2YldLV1ZfSWc?oc=5,-0.292727923,2024/11/12
"Bitcoin Nears $90,000 As Crypto Market Exceeds Pandemic-Era Peak",https://www.ndtvprofit.com/markets/bitcoin-nears-90000-as-crypto-market-exceeds-pandemic-era-peak,-0.195063061,2024/11/12
"Asian stocks retreat, bitcoin soars to record on Trump euphoria",https://www.investing.com/news/stock-market-news/asian-stocks-retreat-bitcoin-soars-to-record-on-trump-euphoria-3715356,-0.107699472,2024/11/12
"With Bitcoin Soaring to $88,000, Meet the NBA Stars Banking on Crypto Contracts  Investment",https://www.essentiallysports.com/nba-active-basketball-news-with-bitcoin-soaring-to-eighty-eight-thousand-meet-the-nba-stars-banking-on-crypto-contracts-investment/,0.8,2024/11/12
"UK unemployment rises while regular wage growth slows bitcoin breaks $89,000  business live",https://www.theguardian.com/business/live/2024/nov/12/uk-unemployment-rises-wage-growth-slows-bitcoin-breaks-89000-business-live,-0.270053136,2024/11/12
WISeKey Announces SEALPhone A Next-Generation Web3 Secure Smartphone Designed for Advanced Crypto Applications and Unparalleled Security and Data Protection,https://www.investing.com/news/press-releases/wisekey-announces-sealphone-a-nextgeneration-web3-secure-smartphone-designed-for-advanced-crypto-applications-and-unparalleled-security-and-data-protection-93CH-3716708,0.46555599,2024/11/12
All my assets are in crypto. How will this affect my pension?,https://www.theage.com.au/money/super-and-retirement/all-my-assets-are-in-crypto-how-will-this-affect-my-pension-20241112-p5kpys.html?ref=rss&utm_medium=rss&utm_source=rss_feed,0.473217791,2024/11/12
All my assets are in crypto. How will this affect my pension?,https://www.smh.com.au/money/super-and-retirement/all-my-assets-are-in-crypto-how-will-this-affect-my-pension-20241112-p5kpys.html?ref=rss&utm_medium=rss&utm_source=rss_feed,0.473217791,2024/11/12
Bitcoin Well reports Q3 results,https://seekingalpha.com/news/4281572-bitcoin-well-reports-q3-results?utm_source=feed_news_all&utm_medium=referral&feed_item_type=news,0.460319692,2024/11/12
"Why Tesla, crypto and prisons are Trump trade winners",https://www.bbc.com/news/articles/czr7kggvzmmo,0.711989326,2024/11/12
Lena Dunham to write Sam Bankman-Fried movie for Apple,https://www.theguardian.com/film/2024/nov/12/lena-dunham-sam-bankman-fried-movie,-0.108971965,2024/11/12
"XRP Reversal Can End Here, Bitcoin (BTC) Sets Sights on $200,000, Dogecoin (DOGE) Skyrockets by $30 Billion in 7 Days",https://www.investing.com/news/cryptocurrency-news/xrp-reversal-can-end-here-bitcoin-btc-sets-sights-on-200000-dogecoin-doge-skyrockets-by-30-billion-in-7-days-3718654,0.421663356,2024/11/13
"Dollar, bitcoin slow momentum as markets eye US inflation",https://www.investing.com/news/economy-news/dollar-holds-firm-ahead-of-us-inflation-bitcoin-targets-fresh-highs-3718575,0.205455905,2024/11/13
Hut 8 Reports Third Quarter 2024 Results,https://financialpost.com/globe-newswire/hut-8-reports-third-quarter-2024-results,-0.152501625,2024/11/13
"Bitcoin rises above $90,000 on Trump euphoria",https://www.investing.com/news/stock-market-news/bitcoin-rises-above-90000-on-trump-euphoria-3720352,-0.233669168,2024/11/13
EAT  BEYOND ANNOUNCES EXPANSION OF INVESTMENT STRATEGY,https://financialpost.com/globe-newswire/eat-beyond-announces-expansion-of-investment-strategy,-0.213616222,2024/11/13
Bitcoin hits new record as Trump-fueled crypto rally shows no signs of easing,https://seekingalpha.com/news/4285052-bitcoinhitsnewrecordas-trump-fueledcryptorallyshowsnosignsofeasing?utm_source=feed_news_all&utm_medium=referral&feed_item_type=news,-0.103939188,2024/11/13
ASX set to rise after rate cut bets boost Wall Street Bitcoin hits fresh record,https://www.theage.com.au/business/markets/asx-set-to-rise-after-rate-cut-bets-boost-wall-street-bitcoin-hits-fresh-record-20241114-p5kqgq.html?ref=rss&utm_medium=rss&utm_source=rss_business,-0.259871364,2024/11/13
ASX set to rise after rate cut bets boost Wall Street Bitcoin hits fresh record,https://www.theage.com.au/business/markets/asx-set-to-rise-after-rate-cut-bets-boost-wall-street-bitcoin-hits-fresh-record-20241114-p5kqgq.html?ref=rss&utm_medium=rss&utm_source=rss_feed,-0.259871364,2024/11/13
ASX set to rise after rate cut bets boost Wall Street Bitcoin hits fresh record,https://www.smh.com.au/business/markets/asx-set-to-rise-after-rate-cut-bets-boost-wall-street-bitcoin-hits-fresh-record-20241114-p5kqgq.html?ref=rss&utm_medium=rss&utm_source=rss_feed,-0.259871364,2024/11/13
"Cryptocurrencies Prices Today Dogecoin Down 7.6% After 20% Surge, Bitcoin Cools to $86,500 - News18",https://news.google.com/rss/articles/CBMi3gFBVV95cUxPcmJxYmdILTJRU1hBUVZtT2RrakctQUp4bFItYU9BQnQ3Q2dOYi1lVWNHUmI1SDRvdUU2NERkWjJZMWlLUzJzS0lEa0ZNaVlyNTZDZThNSUIwSXgyTWdBXzdiby03bHRNX0QyalZtN0x6ZnNwNl9DeUp0YTE1Z1d1enBkVUhpc1hBZE0tcUtmMzlXYUNIQ3FMbDRJMXZ4RWs2M3A0d2VpcFcxSTlGN0hQRHlvVVRBc0FlWTdHeVlqX0ZlVWdXOFVjRjFOekFDMjdnSE52a3RreU16VHVWWWfSAeMBQVVfeXFMTXFFWEM0ZklsY09TbEp4cWY2TDZxVXZaM1Q0WE1YY192eGJrMUFVLVh4dm1OV25PUFdzOTRKYmNhclhwTmNvdHNrcDJ2Qk1NdjlKaXdTeEdjVUJmcFN4TjVjZ29ieUlVUXluSWE4bk41bjJaSVRFaWZwUXFqVWpQOTMxTUF6NGYxdTFZX04xQTR0NTRnZjhoOWI2ZHdiSm5Va2ItMGN3Y3FFQXhYQVdrcGotLUtmcE8yMl9leC0ybmsxWGlocFdWcFRTWWs3X2w4QzM5TW9PSGxLOFp5dE5yZS1Jd00?oc=5,0.8,2024/11/13
Analysis-Crypto industry pushes for policy sea change after Trump victory,https://www.investing.com/news/economy-news/analysiscrypto-industry-pushes-for-policy-sea-change-after-trump-victory-3722481,0.392825639,2024/11/14
"Its not money Bitcoin has no role in the Australian economy, says Bullock",https://www.smh.com.au/politics/federal/it-s-not-money-bitcoin-has-no-role-in-the-australian-economy-says-bullock-20241114-p5kqhp.html?ref=rss&utm_medium=rss&utm_source=rss_feed,0.546032606,2024/11/14
NoviqTech cashes in as crypto and blockchain surge,https://www.smh.com.au/business/companies/noviqtech-cashes-in-as-crypto-and-blockchain-surge-20241115-p5kr32.html?ref=rss&utm_medium=rss&utm_source=rss_feed,0.049960613,2024/11/15
"Proposal to tax business class flights, crypto and plastics at UN climate talks",https://www.smh.com.au/environment/climate-change/proposal-to-tax-business-class-flights-crypto-and-plastics-at-un-climate-talks-20241114-p5kqkw.html?ref=rss&utm_medium=rss&utm_source=rss_feed,-0.081933993,2024/11/15
NoviqTech cashes in as crypto and blockchain surge,https://www.theage.com.au/business/companies/noviqtech-cashes-in-as-crypto-and-blockchain-surge-20241115-p5kr32.html?ref=rss&utm_medium=rss&utm_source=rss_feed,0.049960613,2024/11/15
NoviqTech cashes in as crypto and blockchain surge,https://www.smh.com.au/business/companies/noviqtech-cashes-in-as-crypto-and-blockchain-surge-20241115-p5kr32.html?ref=rss&utm_medium=rss&utm_source=rss_business,0.049960613,2024/11/15
Crypto enforcement seen slowing as Trump shifts priorities,https://www.investing.com/news/world-news/manhattan-us-attorney-to-scale-back-crypto-cases-prosecutor-says-3726103,0.023197992,2024/11/15
Kontrol Technologies Wins Multiple City Customers for Building Decarbonization Accelerates Bitcoin on the Balance Sheet Strategy,https://financialpost.com/pmn/business-wire-news-releases-pmn/kontrol-technologies-wins-multiple-city-customers-for-building-decarbonization-accelerates-bitcoin-on-the-balance-sheet-strategy,-0.225110078,2024/11/15
Crypto Congress  HBD ChatGPT  What Social Media Platform Should I Be On?,https://www.nytimes.com/2024/11/15/podcasts/crypto-congress-hbd-chatgpt-what-social-media-platform-should-i-be-on.html,0.42281127,2024/11/15
"Catalyst Watch Nvidia earnings, Microsoft Ignite, crypto confidence, and PG event",https://seekingalpha.com/news/4295258-catalyst-watch-nvidia-earnings-microsoft-ignite-crypto-confidence-and-pg-event?utm_source=feed_news_all&utm_medium=referral&feed_item_type=news,0.489502748,2024/11/15
SA Charts New Bitcoin peak shows how crypto market has changed since 2021,https://seekingalpha.com/news/4296488-sa-charts-new-bitcoin-peak-shows-how-crypto-market-has-changed-since-2021?utm_source=feed_news_all&utm_medium=referral&feed_item_type=news,0.454093663,2024/11/15
Crocodile of Wall Street jailed for role in theft of Bitcoin now worth billions,https://www.theage.com.au/business/markets/crocodile-of-wall-street-jailed-for-role-in-theft-of-bitcoin-now-worth-billions-20241119-p5krp8.html?ref=rss&utm_medium=rss&utm_source=rss_business,0.125135198,2024/11/18
Nano Labs to allocate portion of excess liquidity to bitcoin,https://seekingalpha.com/news/4301985-nano-labs-to-allocate-portion-of-excess-liquidity-to-bitcoin?utm_source=feed_news_all&utm_medium=referral&feed_item_type=news,0.466119797,2024/11/18
Purpose Bitcoin Yield ETF declares $0.0815 dividend,https://seekingalpha.com/news/4306945-purpose-bitcoin-yield-etf-declares-00815-dividend?utm_source=feed_news_all&utm_medium=referral&feed_item_type=news,0.493457043,2024/11/19
Bitcoin price today climbs back above $91k on record MicroStrategy purchase,https://www.investing.com/news/cryptocurrency-news/bitcoin-price-today-upbeat-above-91k-on-record-microstrategy-purchase-3729317,-0.257582116,2024/11/19
"Italian lawmakers urge government to scale back crypto, web tax plans",https://www.investing.com/news/stock-market-news/italian-lawmakers-urge-government-to-scale-back-crypto-web-tax-plans-3730276,0.273141718,2024/11/19
Calvin Ayres Enterprise Vision Rethinking Blockchains Path Forward,https://insightssuccess.com/calvin-ayres-enterprise-vision-rethinking-blockchains-path-forward/,0.681392612,2024/11/19
US charges five accused of multi-year hacking spree targeting tech and crypto giants,https://techcrunch.com/2024/11/20/us-charges-five-accused-of-multi-year-hacking-spree-targeting-tech-and-crypto-giants/,0.486836386,2024/11/20
"ASX set to slide, Wall Street waits on Nvidia Bitcoin jumps",https://www.smh.com.au/business/markets/asx-set-to-slide-wall-street-waits-on-nvidia-bitcoin-jumps-20241121-p5ksbp.html?ref=rss&utm_medium=rss&utm_source=rss_feed,0.304276156,2024/11/20
"India to follow its global regulations on cryptocurrencies FinMin source as Bitcoin breaches $94,000 mark",https://www.businesstoday.in/latest/economy/story/india-to-follow-its-global-regulations-on-cryptocurrencies-finmin-source-as-bitcoin-breaches-94000-mark-454432-2024-11-20?utm_source=rssfeed,-0.02677464,2024/11/20
"Bitcoin (BTC) Hits Crucial Price Level Details, Heres Why Shiba Inu (SHIB) Is Moving Like Snail, Solana (SOL) Pushes to $300 as Billions in Volume Flow In",https://www.investing.com/news/cryptocurrency-news/bitcoin-btc-hits-crucial-price-level-details-heres-why-shiba-inu-shib-is-moving-like-snail-solana-sol-pushes-to-300-as-billions-in-volume-flow-in-3731594,0.329774094,2024/11/20
WSJ reporter Singh departs for research firm,https://talkingbiznews.com/media-news/wsj-reporter-singh-departs-for-research-firm/,0.490483618,2024/11/20
"Bitcoin hits record $94,000 as trump vows to make us crypto capital",https://bmmagazine.co.uk/uncategorized/bitcoin-hits-record-94000-as-trump-vows-to-make-us-crypto-capital/,-0.242352176,2024/11/21
Is Ethereum Entering the World of Mainstream Trading?,https://insightssuccess.com/is-ethereum-entering-the-world-of-mainstream-trading/,0.450428924,2024/11/21
"SEC Chair Gary Gensler will step down Jan. 20, making way for Trump replacement",https://www.cnbc.com/2024/11/21/sec-chair-gensler-will-step-down-jan-20-making-way-for-trump-replacement.html,0.273607868,2024/11/21
"Bitcoin nears $100,000 as SEC chair Gary Gensler announces he will step down",https://fortune.com/crypto/2024/11/21/bitcoin-nears-100000-as-sec-chair-gary-gensler-announces-he-will-step-down/,-0.062877886,2024/11/21
Dow up 1% as software stocks climb Nasdaq wavers bitcoin blasts through $98K,https://seekingalpha.com/news/4317573-sp500-nasdaq-dow-jones-outlook-stock-market?utm_source=feed_news_all&utm_medium=referral&feed_item_type=news,-0.268503857,2024/11/21
"Trump Media explores crypto payment service to go along with Truth Social, filings show",https://fortune.com/2024/11/22/trump-media-crypto-payments-truthfi-truth-social-social-media-election-us-president/,0.495378149,2024/11/22
Bitcoin price today steadies at $97.5k after nearly hitting $100k milestone,https://www.investing.com/news/cryptocurrency-news/bitcoin-price-today-nears-100k-milestone-on-trump-cheer-3736490,0.109917539,2024/11/22
"Bitcoin at record highs, sets sights on $100,000",https://www.investing.com/news/stock-market-news/bitcoin-at-record-highs-sets-sights-on-100000-3736587,-0.240979671,2024/11/22
"Trump Trade Boosts Stocks, Bitcoin Run At $100,000 Markets Wrap",https://www.ndtvprofit.com/markets/trump-trade-boosts-stocks-bitcoin-run-at-100000-markets-wrap,-0.243199915,2024/11/22
"Bitcoin treading water below $US100,000 with big target in sight",https://www.theage.com.au/business/markets/bitcoin-treading-water-below-us100-000-with-big-target-in-sight-20241124-p5kt4h.html?ref=rss&utm_medium=rss&utm_source=rss_feed,0.015271054,2024/11/24
"Bitcoin treading water below $US100,000 with big target in sight",https://www.smh.com.au/business/markets/bitcoin-treading-water-below-us100-000-with-big-target-in-sight-20241124-p5kt4h.html?ref=rss&utm_medium=rss&utm_source=rss_business,0.015271054,2024/11/24
"Peter Schiff Reveals Who Pumped Bitcoin to $99,180, XRP Fails to Skyrocket, Shiba Inu Burn Rate Surges 49,464% Crypto News Digest by U.Today",https://www.investing.com/news/cryptocurrency-news/peter-schiff-reveals-who-pumped-bitcoin-to-99180-xrp-fails-to-skyrocket-shiba-inu-burn-rate-surges-49464-crypto-news-digest-by-utoday-3740467,0.8,2024/11/25
MicroStrategy Accelerates Bitcoin Buying With Record Purchase,https://www.ndtvprofit.com/business/microstrategy-accelerates-bitcoin-buying-with-record-purchase,0.280309045,2024/11/25
"A Comprehensive Guide to Crypto Wallets Types, Features and Security",https://insightssuccess.com/a-comprehensive-guide-to-crypto-wallets-types-features-and-security/,0.691866432,2024/11/25
"Bitcoins Rally Stalls After Nearing The Historic $100,000 Level",https://www.ndtvprofit.com/markets/bitcoins-rally-stalls-after-nearing-the-historic-100000-level,0.407288184,2024/11/25
"Bets On Trump Put Send Stocks, Bitcoin Higher Markets Wrap",https://www.ndtvprofit.com/markets/bets-on-trump-put-send-stocks-bitcoin-higher-markets-wrap,0.396458495,2024/11/25
CFTC could emerge as crypto regulator in Trump administration,https://seekingalpha.com/news/4340687-cftc-could-emerge-as-crypto-regulator-in-trump-administration?utm_source=feed_news_all&utm_medium=referral&feed_item_type=news,0.48000525,2024/11/27
Crypto entrepreneur eats million dollar duct-taped banana,https://www.dw.com/en/crypto-entrepreneur-eats-million-dollar-duct-taped-banana/a-70924712?maca=en-rss-en-top-1022-rdf,0.450825734,2024/11/29
Crypto entrepreneur eats million dollar duct-taped banana,https://www.dw.com/en/crypto-entrepreneur-eats-million-dollar-duct-taped-banana/a-70924712?maca=en-rss-en-all-1573-rdf,0.450825734,2024/11/29
"MARA shares dip as bitcoin falls, despite mining record",https://www.investing.com/news/stock-market-news/mara-shares-dip-as-bitcoin-falls-despite-mining-record-93CH-3749049,0.015832315,2024/12/2
MicroStrategy bought $1.5B in bitcoin from Nov. 25-Dec. 1,https://seekingalpha.com/news/4353746-microstrategy-bought-15b-in-bitcoin-from-nov-25-dec-1?utm_source=feed_news_all&utm_medium=referral&feed_item_type=news,0.45019858,2024/12/2
MARA mines 26.7% more bitcoin in November,https://seekingalpha.com/news/4353582-mara-mines-267-more-bitcoin-in-november?utm_source=feed_news_all&utm_medium=referral&feed_item_type=news,0.462893558,2024/12/2
"Blockchain Intelligence Group Launches TokenEyes  First of its kind APP, Providing Crypto Investors  Traders with Counterparty Risk Detection  Monitoring",https://financialpost.com/globe-newswire/blockchain-intelligence-group-launches-tokeneyes-first-of-its-kind-app-providing-crypto-investors-traders-with-counterparty-risk-detection-monitoring,0.347055316,2024/12/3
"RETRANSMISSON HIVE Announces Transformative Acquisition of 8.6 EHs of Bitmain S21 Hydro Chips, Projecting 15 EHs by Summer 2025, Driving $300 Million Revenue and 2% of Global Bitcoin Mining Networ",https://www.investing.com/news/press-releases/retransmisson-hive-announces-transformative-acquisition-of-86-ehs-of-bitmain-s21-hydro-chips-projecting-15-ehs-by-summer-2025-driving-300-million-revenue-and-2-of-global-bitcoin-mining-networ-93CH-3750748,0.301314139,2024/12/3
Police hunt crypto ATM thieves in Melbourne shopping centre ram raid,https://www.theage.com.au/national/police-hunt-crypto-atm-thieves-in-melbourne-shopping-centre-ram-raid-20241203-p5kvm4.html?ref=rss&utm_medium=rss&utm_source=rss_feed,0.068211168,2024/12/3
Police hunt crypto ATM thieves in Melbourne shopping centre ram raid,https://www.theage.com.au/national/police-hunt-crypto-atm-thieves-in-melbourne-shopping-centre-ram-raid-20241203-p5kvm4.html?ref=rss&utm_medium=rss&utm_source=rss_national,0.068211168,2024/12/3
Global Cryptocurrency Money Laundering Network Exposed by UK-Led Investigation,https://www.businessmole.com/global-cryptocurrency-money-laundering-network-exposed-by-uk-led-investigation/,0.477445507,2024/12/4
Hut 8 Announces New ATM and Stock Repurchase Programs,https://financialpost.com/globe-newswire/hut-8-announces-new-atm-and-stock-repurchase-programs,-0.232330978,2024/12/4
Buying Bitcoin in FractionsHow Profitable is it?,https://insightssuccess.com/buying-bitcoin-in-fractions%e2%80%95how-profitable-is-it/,0.61683153,2024/12/4
Core Scientific earned 314 self-mined bitcoins in November,https://seekingalpha.com/news/4365473-core-scientific-earned-314-self-mined-bitcoins-in-november?utm_source=feed_news_all&utm_medium=referral&feed_item_type=news,0.348303938,2024/12/5
"Bitcoin hits $100,000 as investors bet on Trump crypto rally",https://www.bbc.com/news/articles/cqjz04lv5q9o,0.242113107,2024/12/5
From zero to $100K Bitcoins evolution in milestones,https://seekingalpha.com/news/4322573-from-zero-to-100k-bitcoins-evolution-in-milestones?utm_source=feed_news_all&utm_medium=referral&feed_item_type=news,0.472219884,2024/12/5
"From outsider to the Oval Office, bitcoin surges as a new administration embraces crypto",https://financialpost.com/pmn/from-outsider-to-the-oval-office-bitcoin-surges-as-a-new-administration-embraces-crypto,-0.283806013,2024/12/5
Hal Finneys Epic Bitcoin Price Prediction from 2009 Heres Why $10 Million BTC Is Possible,https://www.investing.com/news/cryptocurrency-news/hal-finneys-epic-bitcoin-price-prediction-from-2009-heres-why-10-million-btc-is-possible-3757606,0.483896534,2024/12/5
"Bitcoin crosses $100,000 as Trump picks crypto backer, Paul Atkins for SEC chair, Powell comments",https://seekingalpha.com/news/4364445-bitcoin-crosses-100000-as-trump-picks-crypto-backer-paul-atkins-for-sec-chair-powell-comments?utm_source=feed_news_all&utm_medium=referral&feed_item_type=news,0.495313203,2024/12/5
The NFT Is Dead. Long Live the NFT?,https://www.nytimes.com/2024/12/05/style/the-nft-is-dead-long-live-the-nft.html,0.486157787,2024/12/5
"ASX set to inch up as Wall Street treads water bitcoin holds above $US100,000",https://www.theage.com.au/business/markets/asx-set-to-inch-up-as-wall-street-treads-water-bitcoin-holds-above-us100-000-20241206-p5kwac.html?ref=rss&utm_medium=rss&utm_source=rss_business,0.091482049,2024/12/5
Core Scientific earned 314 self-mined bitcoins in November,https://seekingalpha.com/news/4365473-core-scientific-earned-314-self-mined-bitcoins-in-november?utm_source=feed_news_all&utm_medium=referral&feed_item_type=news,0.348303938,2024/12/5
"From outsider to the Oval Office, bitcoin surges as a new administration embraces crypto",https://financialpost.com/pmn/from-outsider-to-the-oval-office-bitcoin-surges-as-a-new-administration-embraces-crypto,-0.283806013,2024/12/5
"Bitcoin hits $100,000 as investors bet on Trump crypto rally",https://www.bbc.com/news/articles/cqjz04lv5q9o,0.242113107,2024/12/5
Hal Finneys Epic Bitcoin Price Prediction from 2009 Heres Why $10 Million BTC Is Possible,https://www.investing.com/news/cryptocurrency-news/hal-finneys-epic-bitcoin-price-prediction-from-2009-heres-why-10-million-btc-is-possible-3757606,0.483896534,2024/12/5
"What Does $100,000 for Bitcoin Really Mean? Binance CEO Explains",https://www.investing.com/news/cryptocurrency-news/what-does-100000-for-bitcoin-really-mean-binance-ceo-explains-3757604,0.48541503,2024/12/5
"Coinbase CEO Reacts to $100,000 Bitcoin (BTC) Details",https://www.investing.com/news/cryptocurrency-news/coinbase-ceo-reacts-to-100000-bitcoin-btc-details-3756857,0.483074781,2024/12/5
"Bitcoin breaks through $100,000 milestone on Donald Trumps pro-crypto pick for SEC",https://financialpost.com/fp-finance/cryptocurrency/bitcoin-hits-100000-donald-trump-sec-pick,-0.024176371,2024/12/5
Analysis-Trumps crypto team takes shape but questions remain over who will drive policy,https://www.investing.com/news/stock-market-news/analysistrumps-crypto-team-takes-shape-but-questions-remain-over-who-will-drive-policy-3759808,0.463645427,2024/12/6
Trump defends Pete Hegseth as he announces more administration picks  live,https://www.theguardian.com/us-news/live/2024/dec/06/trump-cabinet-picks-pete-hegseth-us-politics-latest,0.476192099,2024/12/6
Bitcoin hit the $100k mark Could it keep climbing?,https://fortune.com/crypto/2024/12/06/bitcoin-price-100k-could-it-keep-climbing/,-0.062116581,2024/12/6
Trump names ex-PayPal COO David Sacks as AI and crypto czar,https://seekingalpha.com/news/4369201-trump-ex-paypal-coo-david-sacks-ai-crypto-czar?utm_source=feed_news_all&utm_medium=referral&feed_item_type=news,0.495760707,2024/12/6
Trump names ex-PayPal COO David Sacks as AI and crypto czar - Cointelegraph,https://news.google.com/rss/articles/CBMieEFVX3lxTE43YjJQcEJhQ1NobHl3RDVxLTBWNUxCS3FnSmtsbHllb1dDc1psRG9PaWtrN0hoanVWeU8wdVl2SlYxRFpSZVlkSVBLNjRBcGg0bkdFUGVYWkdzOU1kRHNWTUVieEVUenlKeTlsNTl0YjhNSTdfT0FJTw?oc=5,0.403475379,2024/12/6
Bitcoin Briefly Slumps Nearly 7% As Traders Hedge For Pullback,https://www.ndtvprofit.com/markets/bitcoin-briefly-slumps-nearly-7-as-traders-hedge-for-pullback,-0.004163396,2024/12/6
Trump picks Silicon Valley venture capitalist for AI and Crypto Tsar,https://www.theage.com.au/world/north-america/trump-picks-silicon-valley-venture-capitalist-for-ai-and-crypto-tsar-20241206-p5kwfp.html?ref=rss&utm_medium=rss&utm_source=rss_world,0.235953392,2024/12/6
Trump appoints former PayPal COO David Sacks as AI and crypto czar,https://www.investing.com/news/forex-news/trump-appoints-former-paypal-coo-david-sacks-as-ai-and-crypto-czar-3758201,0.465489972,2024/12/6
"Ethereum (ETH) $4,000 Comeback Whats Next? Did Bitcoin (BTC) Reach Top? Solana (SOL) Finally Breaks Downtrend",https://www.investing.com/news/cryptocurrency-news/ethereum-eth-4000-comeback-whats-next-did-bitcoin-btc-reach-top-solana-sol-finally-breaks-downtrend-3760233,0.458684456,2024/12/7
Tech poured $394.1m into US election as Musk and crypto giving boomed,https://www.theguardian.com/us-news/2024/dec/07/campaign-spending-crypto-tech-influence,0.418295467,2024/12/7
"Explained Bitcoin rises to $100K, what are the causes for this surge?",https://www.thehindubusinessline.com/multimedia/video/explained-bitcoin-rises-to-100k-what-are-the-causes-for-this-surge/article68958489.ece,0.8,2024/12/7
"At Gulf bitcoin gathering, Trump family and allies to bask in crypto industrys euphoria",https://www.investing.com/news/economy-news/at-gulf-bitcoin-gathering-trump-family-and-allies-to-bask-in-crypto-industrys-euphoria-3760392,0.452317965,2024/12/8
Crucial Less Than $0.1 Million Bitcoin (BTC) Warning Made by Samson Mow,https://www.investing.com/news/cryptocurrency-news/crucial-less-than-01-million-bitcoin-btc-warning-made-by-samson-mow-3761754,0.359253109,2024/12/9
Many People Have Brought Me a Crypto Scam to Pump and Dump  No Respite for Khamzat Chimaev as Colby Covington Crosses the Line With Personal Attack,https://www.essentiallysports.com/ufc-mma-news-many-people-have-brought-me-a-crypto-scam-to-pump-and-dump-no-respite-for-khamzat-chimaev-as-colby-covington-crosses-the-line-with-personal-attack/,-0.083241892,2024/12/9
7 Crypto You Need to Watch in 2025,https://insightssuccess.com/7-crypto-you-need-to-watch-in-2025/,0.513746051,2024/12/9
AgriFORCE signs LOI to acquire bitcoin mining facility in Ohio,https://seekingalpha.com/news/4382160-agriforce-signs-loi-to-acquire-bitcoin-mining-facility-in-ohio?utm_source=feed_news_all&utm_medium=referral&feed_item_type=news,-0.03071655,2024/12/10
"Googles Willow chip to challenge cryptography, but Bitcoin will hold steady, players believe",https://www.thehindubusinessline.com/info-tech/googles-willow-chip-to-challenge-cryptography-but-bitcoin-will-hold-steady-players-believe/article68969159.ece,-0.280735159,2024/12/10
How Crypto Insiders Turned Debanking Into a Political Storm,https://www.nytimes.com/2024/12/10/technology/crypto-debanking-trump.html,0.029074922,2024/12/10
Outrage over plans to turn Germanys Nazi war tunnels into crypto-powered survival bunkers for the super-rich,https://fortune.com/europe/2024/12/10/outrage-germany-nazi-war-tunnels-crypto-survival-bunker-super-rich/,0.20057373,2024/12/10
Nvidia must face lawsuit alleging it downplayed cryptos impact on its success,https://www.theverge.com/2024/12/11/24318794/nvidia-supreme-court-investor-lawsuit-cryptocurrency,0.430698709,2024/12/11
"Ex-Binance CEO CZ Reveals His Bitcoin Strategy, But With Warning",https://www.investing.com/news/cryptocurrency-news/exbinance-ceo-cz-reveals-his-bitcoin-strategy-but-with-warning-3767093,0.487706923,2024/12/11
Michael Saylor Mystifies BTC Community With Sons of Bitcoin Message,https://www.investing.com/news/cryptocurrency-news/michael-saylor-mystifies-btc-community-with-sons-of-bitcoin-message-3767091,0.483208194,2024/12/11
"As accusations of debanking grip Silicon Valley, the crypto industry is still waiting for a smoking gun",https://fortune.com/2024/12/11/debanking-andreessen-joe-rogan-operation-chokepoint-2-crypto-smoking-gun/,0.300743115,2024/12/11
"Bitcoin Safe From Quantum Computers, Says Craig Wright",https://www.investing.com/news/cryptocurrency-news/bitcoin-safe-from-quantum-computers-says-craig-wright-3769529,0.486372614,2024/12/12
"ECB decision, Adobe, Bitcoin - whats moving markets",https://www.investing.com/news/economy/ecb-decision-adobe-bitcoin--whats-moving-markets-3768205,0.488206372,2024/12/12
Bryson DeChambeau to Make $2.5B Move as Worst-Kept LIV Golf Secret Officially Gets Confirmed,https://www.essentiallysports.com/golf-news-bryson-dechambeau-to-make-two-point-five-billion-move-as-worst-kept-liv-golf-secret-officially-gets-confirmed/,0.456638682,2024/12/13
BlackRock recommends investing no more than 2% of your portfolio in Bitcoin,https://fortune.com/crypto/2024/12/12/blackrock-bitcoin-investment-portfolio-asset-allocation/,0.05874078,2024/12/13
"Worksport Ltd. ($WKSP) Shares Multiple Milestones, Strengthens Market Position as Initial Crypto (BTC and XRP) Investment Nears",https://www.investing.com/news/press-releases/worksport-ltd-wksp-shares-multiple-milestones-strengthens-market-position-as-initial-crypto-btc-and-xrp-investment-nears-93CH-3771520,-0.246863812,2024/12/13
CI Galaxy Multi-Crypto ETF USD Series Units declares $0.21 dividend,https://seekingalpha.com/news/4386271-ci-galaxy-multi-crypto-etf-usd-series-units-declares-0_21-dividend?utm_source=feed_news_all&utm_medium=referral&feed_item_type=news,0.495568156,2024/12/13
"Bitcoin reaches new all-time high of $107,000 after Trump confirms plans for Bitcoin reserve",https://fortune.com/crypto/2024/12/16/bitcoin-trump-all-time-high-crypto-reserve/,-0.264990145,2024/12/16
ASX set to edge up as Wall Street drifts bitcoin jumps to record,https://www.smh.com.au/business/markets/asx-set-to-edge-up-as-wall-street-drifts-bitcoin-jumps-to-record-20241217-p5kyun.html?ref=rss&utm_medium=rss&utm_source=rss_feed,-0.203131646,2024/12/16
Bitcoin rises to record high after seven-week winning run,https://financialpost.com/fp-finance/cryptocurrency/bitcoin-rises-record-winning-run,0.66031125,2024/12/16
Riot Platforms bought 667 bitcoin last week for $67.5M,https://seekingalpha.com/news/4386799-riot-platforms-bought-667-bitcoin-last-week-for-67_5m?utm_source=feed_news_all&utm_medium=referral&feed_item_type=news,0.462936584,2024/12/16
AMP Invests AU$27 Million In Bitcoin Will Other Big Funds Do The Same?,https://www.ibtimes.com.au/amp-invests-au27-million-bitcoin-will-other-big-funds-do-same-1854450,0.034123372,2024/12/16
"Bitcoin jumps to new record high of more than $106,000",https://www.bbc.com/news/articles/c5ywp0l0xrxo,-0.0472017,2024/12/16
Bitcoin Rally Leaves the Worlds Original Crypto ETFs Behind,https://financialpost.com/pmn/business-pmn/bitcoin-rally-leaves-the-worlds-original-crypto-etfs-behind,0.422897227,2024/12/17
LIV vs. PGA Tour prize money breakdown How much will the 2024 Showdown winner make in crypto?,https://www.sportingnews.com/us/golf/news/liv-pga-tour-prize-money-breakdown-showdown-crypto/9fe399d44efd80b7840e3625,0.426883936,2024/12/17
Crimes Plunge and Bitcoins Boom Still Leave El Salvador Chasing Economic Miracle,https://financialpost.com/pmn/business-pmn/crimes-plunge-and-bitcoins-boom-still-leave-el-salvador-chasing-economic-miracle,-0.277627033,2024/12/18
Crimes Plunge and Bitcoins Boom Still Leave El Salvador Chasing Economic Miracle,https://financialpost.com/pmn/business-pmn/crimes-plunge-and-bitcoins-boom-still-leave-el-salvador-chasing-economic-miracle,-0.277627033,2024/12/18
Jerome Powell Federal Reserve has no interest in Bitcoin ownership,https://www.thehindubusinessline.com/money-and-banking/jerome-powell-federal-reserve-has-no-interest-in-bitcoin-ownership/article69002148.ece,0.482372375,2024/12/18
Colle AI (COLLE) Integrates Bitcoin to Empower Decentralized AI-NFT Creation,https://www.thewhig.com/newsfile/234259-colle-ai-colle-integrates-bitcoin-to-empower-decentralized-ainft-creation,-0.216040778,2024/12/18
Hut 8 Director Amy Wilkinson Named to the 2024 NACD Directorship 100,https://financialpost.com/globe-newswire/hut-8-director-amy-wilkinson-named-to-the-2024-nacd-directorship-100,0.496150446,2024/12/18
Bitcoins rally is nudging more luxury companies to make crypto a payment optionand sends a strong message to its younger clientele,https://fortune.com/europe/2024/12/18/bitcoin-rally-luxury-shopping-crypto-young-clientele/,0.032913911,2024/12/18
Cango is up 75% in a week as investors eye the pivot to crypto mining from auto retail,https://seekingalpha.com/news/4387720-cango-is-up-75-in-a-week-as-investors-eye-the-pivot-to-crypto-mining-from-auto-retail?utm_source=feed_news_all&utm_medium=referral&feed_item_type=news,-0.275998664,2024/12/18
Jerome Powell Federal Reserve has no interest in Bitcoin ownership,https://www.thehindubusinessline.com/money-and-banking/jerome-powell-federal-reserve-has-no-interest-in-bitcoin-ownership/article69002148.ece,0.482372375,2024/12/18
"With Neverless, former Revolut execs want to make meme coins easy to buy",https://techcrunch.com/2024/12/19/with-neverless-former-revolut-execs-want-to-make-meme-coins-easy-to-buy/,0.486104207,2024/12/19
"Powell says Fed cannot hold bitcoin, not seeking to change that",https://www.investing.com/news/economy-news/fed-cant-hold-bitcoin-not-seeking-to-change-that-powell-says-3780410,0.476853848,2024/12/19
Hut 8s Strategic Bitcoin Reserve Surpasses $1 Billion in Market Value with Purchase of $100 Million of Bitcoin,https://financialpost.com/globe-newswire/hut-8s-strategic-bitcoin-reserve-surpasses-1-billion-in-market-value-with-purchase-of-100-million-of-bitcoin,-0.066760664,2024/12/19
OTC Markets Group Welcomes Metaplanet Inc. to OTCQX,https://financialpost.com/globe-newswire/otc-markets-group-welcomes-metaplanet-inc-to-otcqx,0.312374425,2024/12/19
"The promise and warning of Truth Terminal, the AI bot that secured $50,000 in Bitcoin from Marc Andreessen",https://techcrunch.com/2024/12/19/the-promise-and-warning-of-truth-terminal-the-ai-bot-that-secured-50000-in-bitcoin-from-marc-andreessen/,0.493232682,2024/12/19
"Losses from crypto hacks jump to $2.2 billion in 2024, report says",https://www.investing.com/news/stock-market-news/losses-from-crypto-hacks-jump-to-22-billion-in-2024-report-says-3781894,-0.308144259,2024/12/19
reAlpha Tech plans to allocate up to 25% of excess cash to crypto,https://seekingalpha.com/news/4388063-realpha-tech-plans-to-allocate-up-to-25-of-excess-cash-to-crypto?utm_source=feed_news_all&utm_medium=referral&feed_item_type=news,0.454376743,2024/12/19
Stocks dive after US Fed cuts rates by 25 basis points,https://www.businessnews.com.au/article/Stocks-dive-after-US-Fed-cuts-rates-by-25-basis-points,0.009700837,2024/12/19
North Korean Hackers Stole Record $1.3 Billion In Crypto In 2024,https://www.ndtvprofit.com/crypto/north-korean-hackers-stole-record-13-billion-in-crypto-in-2024,0.345035648,2024/12/19
Australian who falsely claimed to have invented bitcoin is found in contempt of UK court,https://financialpost.com/pmn/australian-who-falsely-claimed-to-have-invented-bitcoin-is-found-in-contempt-of-uk-court,0.060546273,2024/12/19
Australian who falsely claimed to have invented bitcoin is found in contempt of UK court,https://torontosun.com/news/world/australian-who-falsely-claimed-to-have-invented-bitcoin-is-found-in-contempt-of-uk-court,0.060546273,2024/12/19
Austrian Post Unveils Crypto Stamp Art with Soulbound Token and Authenticity Certificate by HACKATAO X CRYPTO,https://www.businessmole.com/austrian-post-unveils-crypto-stamp-art-with-soulbound-token-and-authenticity-certificate-by-hackatao-x-crypto/,0.458341541,2024/12/19
Man convicted for repeatedly lying about inventing Bitcoin,https://www.bbc.com/news/articles/c74x0j47gz8o,0.051143745,2024/12/19
Probably Nothing  Michael Saylor Highlights These Huge Daily Bitcoin ETF Inflows,https://www.investing.com/news/cryptocurrency-news/probably-nothing--michael-saylor-highlights-these-huge-daily-bitcoin-etf-inflows-3782934,0.465739996,2024/12/19
Losses from crypto hacks jump to US$2.2 billion in 2024,https://www.itnews.com.au/news/losses-from-crypto-hacks-jump-to-us22-billion-in-2024-614016?utm_source=feed&utm_medium=rss&utm_campaign=iTnews+,-0.287964982,2024/12/19
Self-proclaimed bitcoin inventor in contempt of court over $1.2 trillion UK lawsuit,https://www.investing.com/news/stock-market-news/selfproclaimed-bitcoin-inventor-in-contempt-of-court-over-12-trillion-uk-lawsuit-3782337,0.080897346,2024/12/19
"Craig Wright, who falsely claimed to be Bitcoin inventor Satoshi Nakamoto, gets suspended prison sentence for contempt of court",https://fortune.com/crypto/2024/12/20/craig-wright-bitcoin-inventor-satoshi-nakamoto-suspended-prison-sentence-contempt-of-court/,0.040371752,2024/12/20
Price of bitcoin falls more than 10%,https://abcnews.go.com/Business/price-bitcoin-falls-10/story?id=116982243,0.399545397,2024/12/20
El Salvador Plans To Sell Or Shut Its Crypto Wallet,https://www.ibtimes.com.au/el-salvador-plans-sell-shut-its-crypto-wallet-1854633,0.340695834,2024/12/20
"CoinDesk owner fires three editors, including EIC Reynolds",https://talkingbiznews.com/media-news/coindesk-owner-fires-three-editors-including-eic-reynolds/,0.565789671,2024/12/20
Bitcoin Strategic Reserve Can Offset US Debt CryptoQuant Founder,https://www.investing.com/news/cryptocurrency-news/bitcoin-strategic-reserve-can-offset-us-debt-cryptoquant-founder-3785866,0.383225369,2024/12/21
Top 10 Secret Crypto Call Alerts Telegram Groups & Channels,https://www.abcmoney.co.uk/2024/12/top-10-secret-crypto-call-alerts-telegram-groups-channels/,0,2024/12/21
Southern California men indicted in alleged $22 million crypto fraud case,https://www.latimes.com/california/story/2024-12-21/southern-california-men-indicted-in-22-million-crypto-fraud-case,-0.644665623,2024/12/21
"Crypto scam: Men from Beverly Hills, Thousand Oaks accused of bilking investors out of $22 million",https://www.pasadenastarnews.com/2024/12/20/crypto-scam-men-from-beverly-hills-thousand-oaks-accused-of-bilking-investors-out-of-22-million/,-0.578684342,2024/12/21
Tiger Woods & Charlie Woods Expected To Drowse Off Scheffler-McIlroy Disappointment After Golf?s First-Ever Crypto Event,https://www.essentiallysports.com/golf-news-tiger-woods-charlie-woods-expected-to-drowse-off-scheffler-mcilroy-disappointment-after-golfs-first-ever-crypto-event/,0,2024/12/22
Bitcoin Depot (NASDAQ:BTM) and Lufax (NYSE:LU) Critical Review,https://www.americanbankingnews.com/2024/12/22/bitcoin-depot-nasdaqbtm-and-lufax-nyselu-critical-review.html,0,2024/12/22
